<?xml version="1.0" encoding="UTF-8"?>
<jcr:root xmlns:sling="http://sling.apache.org/jcr/sling/1.0" xmlns:cq="http://www.day.com/jcr/cq/1.0" xmlns:jcr="http://www.jcp.org/jcr/1.0" xmlns:nt="http://www.jcp.org/jcr/nt/1.0"
    jcr:primaryType="cq:Page">
    <jcr:content
        cq:designPath="/etc/designs/portfolio"
        cq:deviceGroups="[/etc/mobile/groups/responsive]"
        jcr:mixinTypes="[]"
        jcr:primaryType="nt:unstructured"
        jcr:title="portfolio Site"
        sling:redirect="{Boolean}true"
        sling:redirectStatus="{Long}302"
        sling:resourceType="foundation/components/redirect"
        redirectTarget="/content/portfolio/en">
        <image jcr:primaryType="nt:unstructured">
            <file/>
        </image>
    </jcr:content>
    <fr/>
    <en/>
    <relationalDB/>
    <emailService/>
    <carousel/>
    <PDFService/>
</jcr:root>
