<?xml version="1.0" encoding="UTF-8"?>
<jcr:root xmlns:sling="http://sling.apache.org/jcr/sling/1.0" xmlns:cq="http://www.day.com/jcr/cq/1.0" xmlns:jcr="http://www.jcp.org/jcr/1.0" xmlns:nt="http://www.jcp.org/jcr/nt/1.0"
    jcr:primaryType="nt:unstructured"
    jcr:title="Hero Text"
    sling:resourceType="cq/gui/components/authoring/dialog"
    helppath="en/cq/current/wcm/&#xa;default_components.html#Carousel">
    <content
        jcr:primaryType="nt:unstructured"
        sling:resourceType="granite/ui/components/foundation/container&#x9;">
        <layout
            jcr:primaryType="nt:unstructured"
            sling:resourceType="granite/ui/components/foundation/&#xa;layouts/tabs"
            type="nav"/>
        <items jcr:primaryType="nt:unstructured">
            <herotext
                jcr:primaryType="nt:unstructured"
                jcr:title="Hero Text Properties&#x9;"
                sling:resourceType="&#x9;granite/ui/components/&#xa;foundation/section">
                <layout
                    jcr:primaryType="nt:unstructured"
                    sling:resourceType="granite/ui/components/foundation/&#xa;layouts/fixedcolumns"/>
                <items jcr:primaryType="nt:unstructured">
                    <column
                        jcr:primaryType="nt:unstructured"
                        sling:resourceType="granite/ui/components/foundation/container">
                        <items jcr:primaryType="nt:unstructured">
                            <headingText
                                jcr:primaryType="nt:unstructured"
                                sling:resourceType="granite/ui/components/foundation/container"
                                fieldLabel="Heading Text&#x9;"
                                name="./jcr:Heading&#x9;"/>
                            <description
                                jcr:primaryType="nt:unstructured"
                                sling:resourceType="granite/ui/components/foundation&#xa;/form/textarea"
                                fieldLabel="Description"
                                name="./jcr:description"/>
                        </items>
                    </column>
                </items>
            </herotext>
        </items>
    </content>
</jcr:root>
